Provider CCN,Hospital Name,State Code,2017,2018,2019,2020,2021,2022,2023,years_available,margin_change_2017_2023,margin_change_2020_2023
41300,MERCY HOSPITAL PARIS,AR,-3.1944486313310727,-14.427490032029402,14.609578571431243,7.2921052805331374,1.8141082415345486,-1.423856405849946,0.9977702025645857,7,4.192218833895659,-6.294335077968552
41302,DARDANELLE HOSPITAL,AR,-19.373356866632907,-45.09013079179695,-85.53340890269136,-20.78402100848016,-24.698144689866158,-13.892357752279807,-3.2245272227823336,7,16.148829643850572,17.559493785697825
41303,MERCY HOSPITAL OZARK,AR,-19.34100163853714,-21.26854925507871,-3.263244506810239,11.824494260328306,10.905167390469737,16.062877803404948,5.2181218613772185,7,24.559123499914357,-6.606372398951088
41304,EUREKA SPRINGS HOSPITAL,AR,-15.41988961044817,-29.041043522364546,-27.559716287074764,-10.395163911824877,-67.68993007552008,-10.869462774477187,-58.820642492294304,7,-43.40075288184613,-48.42547858046943
41305,MERCY HOSPITAL WALDRON,AR,-25.626339684610183,-25.57666236983917,-2.0026343760648118,-0.7771595144748713,6.676489030400147,-0.452597772920602,-5.824166779020061,7,19.802172905590123,-5.04700726454519
41306,COMM MEDICAL CENTER OF CALICO ROCK,AR,-8.38164475189011,-54.5825732440407,-37.1951567203651,-20.148140972696652,-177.61035566667402,30.399378820446348,,6,,
41306,IZARD REGIONAL HOSPITAL,AR,,,,,,-84.80515062615603,-90.1911104076082,2,,
41307,CROSSRIDGE COMMUNITY HOSPITAL,AR,-23.21576618365289,-30.83238855292561,-29.589288179698002,-34.431216179318795,-26.843873594993738,-40.38763970881875,-49.626963768099245,7,-26.411197584446356,-15.19574758878045
41308,MCGEHEE HOSPITAL,AR,,,-32.5942744655489,-18.610568300279066,-25.730921259508143,-17.200597754503228,-17.70293451021837,5,,0.9076337900606966
41308,MCGEHEE HOSPITAL INC.,AR,-23.64450261647718,-26.52172754414075,,,,,,2,,
41309,LAWRENCE MEMORIAL HOSPITAL,AR,-48.0119842124211,-51.48784141576893,-48.88930438649137,-55.39265765461382,-66.60970521952218,-79.65628914539383,-72.03530238243778,7,-24.02331817001668,-16.642644727823956
41310,STONE COUNTY MEDICAL CENTER,AR,5.8075477502029775,5.301230956567926,2.1516563370861284,8.79482175472499,11.861442005556068,1.6265687877683086,5.201738432009728,7,-0.6058093181932493,-3.5930833227152625
41311,HOWARD MEMORIAL HOSPITAL,AR,-16.79777180255931,-14.86765281753748,-8.425339922503596,-18.616654806016577,-9.273176896731224,-15.799725343597753,-11.410446791577986,7,5.387325010981325,7.206208014438591
41312,BHMC-HEBER SPRINGS,AR,-1.9929762149997299,-8.597773158063246,1.353373169405519,-10.277683591259851,-2.2257045690750576,-4.930632274174189,-8.903894585113994,7,-6.910918370114264,1.3737890061458575
41313,OZARK HEALTH  INC,AR,-15.482502404151443,-3.2114736988409334,-3.065449266428013,-11.281832683352583,-7.161757313683549,-4.748073470607437,-1.252604469778997,7,14.229897934372445,10.029228213573585
41314,DEWITT HOSPITAL & NURSING HOME  INC,AR,-147.4126634572432,-67.5252252638471,-15.67293952656762,-31.37878079691025,-48.75633024198119,-36.13234701246157,,6,,
41316,SMC MEDICAL CENTER,AR,-18.70916875299947,-22.63267642658893,-7.888014214769029,-29.309221639978027,-28.272600913838797,-52.073144388013674,-42.25294210938751,7,-23.54377335638804,-12.943720469409485
41317,DALLAS COUNTY MEDICAL CENTER,AR,-18.449407633267466,-20.405525374454452,-9.772379303227694,-18.51779194138011,-19.635391404066922,-13.876360612337809,-20.716944555888677,7,-2.267536922621211,-2.1991526145085665
41318,MERCY HOSPITAL BOONEVILLE,AR,-38.96970089279236,-48.466660261683366,0.44881435112949813,-1.3783556499482756,1.0159804854264654,-3.733226075177771,-9.47332869112089,7,29.49637220167147,-8.094973041172615
41319,DEQUEEN MEDICAL CENTER,AR,-5.340571937707599,,,,,,,1,,
41320,LITTLE RIVER MEMORIAL,AR,-8.66336636270017,-13.249855522504122,-12.086325460478212,-7.593528513675947,-15.674808318938952,-25.813741532344487,-27.7436934547396,7,-19.08032709203943,-20.15016494106365
41321,BAPTIST HEALTH MED CTR ARKADELPHIA,AR,-3.58981338268684,-1.6016079855489258,-1.5718711899811135,-4.1964924601040305,0.7478881530458475,-3.144752061450008,-10.269256481460905,7,-6.679443098774065,-6.072764021356875
41322,FULTON COUNTY HOSPITAL,AR,-8.348254216617592,-9.39157289425868,-16.835560426255334,-5.861834700104315,-25.470235792170605,-84.13895290227119,-16.949476672400404,7,-8.601222455782812,-11.08764197229609
41323,ASHLEY COUNTY MEDICAL CENTER,AR,-5.557864854345822,-5.790830001649744,-4.799605441583717,-13.108676178794,-17.21553669838725,-22.997294656390405,-15.33310785574423,7,-9.775243001398408,-2.22443167695023
41324,ST. VINCENT MORRILTON,AR,-13.072683504988131,0.22168507950975952,4.105399792242075,7.885956431879144,-0.46017347478152254,-24.589823616588095,-30.609510866791418,7,-17.536827361803287,-38.49546729867056
41326,DELTA MEMORIAL HOSPITAL,AR,-21.74235224716333,-9.395789832814392,-26.043728303774927,-32.96046497945676,-37.42995206771689,-14.438734599130587,-25.31303521069061,7,-3.5706829635272825,7.647429768766148
41327,BRADLEY COUNTY MEDICAL CENTER,AR,-4.607807884771108,-13.540567953281677,-11.763929208644091,-8.58761223748542,-7.92786868033359,-18.250687237624398,-26.209308891526838,7,-21.60150100675573,-17.62169665404142
41328,CHICOT MEMORIAL MEDICAL CENTER,AR,-21.428786717789542,-26.003426926546236,-20.148974521760437,-22.28787824806217,-7.68883080370194,-23.656249062170822,-12.258537567539765,7,9.170249150249777,10.029340680522406
41329,MERCY HOSPITAL BERRYVILLE,AR,1.828034465850677,-4.454466049420853,-4.956101249965093,5.277820574489164,1.508018703771549,-6.182736217291133,1.4584694894003667,7,-0.3695649764503104,-3.8193510850887975
41330,PIGGOTT COMMUNITY HOSPITAL,AR,-13.88146119987523,-5.379855020895689,-9.543232188588819,-15.066994006333124,-18.22283639289452,-18.445594667671486,-18.248470983052332,7,-4.367009783177101,-3.1814769767192086
41331,OZARKS COMMUNITY HOSPITAL OF GRAVETT,AR,-431.75191941419683,-7.204785931253044,-6.630922284904472,-40.74048499201332,-27.903153079365467,-21.000395658148477,-19.790723966026388,7,411.96119544817043,20.949761025986934
41332,UNITY HEALTH - NEWPORT,AR,,,,,,2.735534028761359,6.185948871819006,2,,
41333,SEVIER COUNTY MEDICAL CENTER,AR,,,,,,,-104.60954641043499,1,,
191300,ST. HELENA PARISH HOSPITAL,LA,-29.808768538068225,-37.211797397412596,-14.880405840074598,-23.556503320848726,-9.469304362666374,-9.500144046951636,-0.420534520594254,7,29.38823401747397,23.13596880025447
191301,UNION GENERAL HOSPITAL  INC.,LA,8.013434139347634,-3.0691092082695706,-1.9280901211431434,0.2753737214791503,4.4835333872191026,2.2468333025502996,6.15440048552634,7,-1.8590336538212942,5.87902676404719
191302,ST MARTIN HOSPITAL,LA,16.800936427026343,16.95077325633999,11.409400854820921,21.62992659307933,-3.848149148573095,6.490901398069387,9.915802719541656,7,-6.8851337074846874,-11.714123873537673
191303,OUR LADY OF THE LAKE ASSUMPTION COM,LA,16.78617642716353,0.4317094701712998,-1.850603620200145,-2.881086753434726,30.33818701753327,24.155180536627512,12.384061100430326,7,-4.4021153267332025,15.265147853865052
191304,NORTH CADDO MEDICAL CENTER,LA,-15.655068445876449,-20.9704706803283,-18.757177978609057,-13.972226447788588,-16.862203120090015,-40.847401007367054,-39.86816831636169,7,-24.21309987048524,-25.895941868573104
191305,ST. JAMES PARISH HOSPITAL,LA,-7.020747106738713,2.0602789915123885,0.03189544251278929,-9.282995299845224,-14.281062794832188,7.153899029149617,-13.95382134685454,7,-6.933074240115826,-4.6708260470093155
191306,WEST FELICIANA PARISH HOSPITAL,LA,-21.396644435067692,-9.16107628079519,-10.14970175399269,-3.8793204218065562,-28.91940363175388,-21.29343954743694,-21.234307747391572,7,0.1623366876761203,-17.354987325585014
191307,DEQUINCY MEMORIAL HOSPITAL,LA,-14.674058499838342,-4.66527584532377,9.182341190041743,-56.25720521822715,-25.377393225331367,-4.0809889164596065,-33.840008695621535,7,-19.165950195783193,22.417196522605614
191308,PREVOST MEMORIAL HOSPITAL,LA,-1.034740412931946,-11.98066005072356,-17.343192878575167,-5.002665851638801,,-32.202096933636184,,5,,
191308,WEST ASCENSION PARISH HOSPITAL,LA,,,,,-19.753217823078494,,-160.42612454604824,2,,
191309,HOOD MEMORIAL HOSPITAL,LA,-18.218649576226333,-26.603631140501733,-5.922271162278644,-4.0849410492284886,-4.276288056801924,-15.393604690272086,5.667560886323509,7,23.88621046254984,9.752501935551997
191310,BAYOU BEND HEALTH SYSTEM,LA,,,,,,,-75.65433116261858,1,,
191310,FRANKLIN FOUNDATION HOSPITAL,LA,,-33.58038945227258,-23.220285945378205,-66.93978692586732,-57.128484174636505,-68.89903625617457,,5,,
191310,FRANKLIN FOUNDATION HOSPITAL AMENDED,LA,-29.19069546524216,,,,,,,1,,
191311,BUNKIE GENERAL HOSPITAL,LA,-2.9763366169866456,-4.4091614249620115,-12.683232927546273,-11.651699829371257,-14.099291884198943,-1.685711414693011,1.3127424227778894,7,4.289079039764535,12.964442252149146
191312,CHRISTUS COUSHATTA HEALTH CARE CTR,LA,3.275119245235246,-6.404348707826585,-2.119712169409153,4.6708210992004,8.957704095196013,11.767259656611335,11.984195722954786,7,8.70907647771954,7.3133746237543855
191313,RIVERSIDE MED CTR,LA,,-59.81200799110263,-30.501793618042083,-59.18546664978139,-41.32154942031029,-33.614270040818134,-34.972867444707646,6,,24.212599205073744
191313,RIVERSIDE MEDICAL CENTER,LA,-60.74264397002778,,,,,,,1,,
191314,MADISON PARISH HOSPITAL,LA,-28.48954263281002,-28.92217344962203,-33.7278033394017,-50.78677266291018,-24.97523031251663,-46.97127380118562,-65.56607089796191,7,-37.076528265151886,-14.779298235051726
191315,HARDTNER MEDICAL CENTER,LA,-0.3050208105083257,-3.456998961710217,-7.704359914677787,-15.903792452734141,-9.314341792723495,-35.14386020477743,-32.5643550405517,7,-32.25933423004338,-16.660562587817562
191316,POINTE COUPEE GENERAL HOSPITAL,LA,7.940359453033246,2.7600688491941443,0.6173889517825765,-1.4527300893464832,-23.292509190683358,-20.860696065784907,-22.18804687193113,7,-30.128406324964377,-20.735316782584647
191317,JACKSON PARISH HOSPITAL,LA,-10.85144605574475,-2.931893195291968,-31.28713057490991,-39.44889684718687,-27.66127325080302,-23.592201852298246,-15.49895995535951,7,-4.64751389961476,23.949936891827363
191318,RIVERLAND MEDICAL CENTER,LA,-39.31204635495622,-30.96885461992951,-18.262164289315763,-20.913818138686704,,,,4,,
191318,TRINITY MEDICAL,LA,,,,,-23.199272885737717,-8.865512592185674,-18.191889951322665,3,,
191319,ACADIA-ST. LANDRY HOSPITAL,LA,-1.7575322182867443,3.0032714331773556,-5.032072196390353,-5.435861127387054,-15.127688541995632,-6.295925687485121,-5.293457479717193,7,-3.5359252614304486,0.1424036476698607
191320,BIENVILLE MEDICAL CENTER,LA,24.03765974160851,2.992438555535844,-4.84291885466457,0.47121112000176524,-91.26826990588158,-14.643377351217426,-4.848675672859204,7,-28.886335414467716,-5.319886792860969
191321,LALLIE KEMP REG. MEDICAL CENTER,LA,-78.38997114959514,-54.8458458310979,-45.887532555221,,,,,3,,
191321,LALLIE KEMP REGIONAL MEDICAL CENTER,LA,,,,-57.53837103604593,-59.28535233906462,-75.37357480251295,,3,,
191322,ABROM KAPLAN MEMORIAL HOSPITAL,LA,-4.328573306650916,-3.791743131957406,-8.116427945562425,-8.76368773803587,,,,4,,
191322,OCHSNER - ABROM KAPLAN MH,LA,,,,,-7.075310773729668,-7.979360297720811,-11.617410600123668,3,,
191323,RICHLAND PARISH HOSPITAL NO. 1 A,LA,-12.494673015216627,-12.995494970650528,-13.552990209682067,-18.287501196675798,-7.875443706035047,-4.121215400900639,-9.324706429005046,7,3.169966586211581,8.962794767670752
191324,OCHSNER BAYOU  LLC,LA,6.234640185464836,5.114248833576146,3.4894265660734356,-2.320093677011812,3.8743996351183663,-0.8952944749638475,10.766686798570015,7,4.532046613105179,13.086780475581827
191325,LADY OF SEA HOSPITAL AMENDED,LA,,,,,-114.15334151685799,,,1,,
191325,LADY OF SEA HOSPITAL MEDICARE,LA,,,,,,-85.18050717200882,,1,,
191325,LADY OF SEA HOSPTAL,LA,-67.61686970095197,-65.92816208390066,-74.8234469895603,-89.7060027605024,,,-86.04473808451083,5,-18.42786838355886,3.661264675991575
191326,REEVES MEMORIAL MEDICAL CENTER,LA,67.50921587245385,62.4499399501802,58.12925167425455,62.20688535787119,61.765265750533274,64.47483073871993,0.8245300814031866,7,-66.68468579105067,-61.382355276468
321300,SIERRA VISTA HOSPITAL,NM,-34.63769474012102,-11.673544044531594,-29.795695678321692,-24.897864477645008,-14.687946152060205,-22.591363612777105,-23.708180787692218,7,10.929513952428803,1.1896836899527905
321301,SOCORRO GENERAL HOSPITAL,NM,-13.425132844265086,-20.935155026312856,-17.00382423417637,-13.931600195817095,-7.829972200159655,-3.1720262091674263,-2.073957442282659,7,11.351175401982427,11.857642753534437
321302,DR. DAN C. TRIGG,NM,6.698576877203675,-16.042109193640997,-16.732816038724867,-5.00830129781245,-4.161121807837052,-10.781491290486182,-7.777522399807673,7,-14.476099277011347,-2.769221101995223
321304,UNION COUNTY GEN. HOSPITAL,NM,-52.71274781032022,-35.97058254829222,-41.06225159325857,-37.92698568150873,-45.67880611176269,-46.22721194961524,-20.384470479783953,7,32.32827733053627,17.54251520172478
321305,NOR-LEA HOSPITAL,NM,,3.4722033406881696,5.025559164674137,,-3.2146434077133996,0.8757451596866407,-0.7083993412036439,5,,
321306,LINCOLN COUNTY MEDICAL CENTER,NM,-0.6617864967377368,-0.15610959806665878,4.167645763248326,5.007195427611178,9.003274413633989,4.110556754492194,8.89939629912545,7,9.561182795863186,3.8922008715142713
321307,MINER OF COLFAX MEDICAL CENTER,NM,-27.76790789236549,-50.56924732176357,-63.87571027020383,-42.10019344655472,-42.33260075236204,-74.16108377310823,-60.08260941449755,7,-32.314701522132054,-17.982415967942828
321308,CIBOLA GENERAL HOSPITAL,NM,-5.240414005799398,-4.999562160362879,-29.537238830027125,-31.00522877168167,-27.239334611562665,-21.254811216097227,-32.18820461819274,7,-26.947790612393344,-1.1829758465110736
321309,MIMBRES MEMORIAL HOSPITAL,NM,7.038838738083365,1.7127024873266579,13.30917741171784,9.584425543021762,17.06012098774606,14.685113291003379,10.168709941234626,7,3.1298712031512608,0.5842843982128638
321310,HOLY CROSS HOSPITAL,NM,-22.213612492986975,-15.264257009147922,-6.201495804439572,-10.95727464444606,-7.4104149697018205,-20.029208260856635,-16.140703927440384,7,6.072908565546591,-5.183429282994325
321311,GILA REGIONAL MEDICAL CENTER,NM,,,,-24.10405152225403,-2.7861869161463297,-3.6477962162628814,-2.7979877644564835,4,,21.306063757797546
321312,ALTA VISTA REGIONAL HOSPITAL,NM,,,,,,,-0.7839402729178904,1,,
321313,REHOBOTH MCKINLEY CHRISTIAN HOSPITAL,NM,,,,,,,202.7814719666631,1,,
371300,ATOKA COUNTY MEDICAL CENTER,OK,,,,,,,-11.615967224043237,1,,
371300,ATOKA MEMORIAL HOSPITAL,OK,-51.01489856921751,2.653028329601379,-13.209417627343656,-18.742078021287472,-19.008224236282317,-17.74622147039372,,6,,
371301,CAH ACQUISITION COMPANY #7 LLC,OK,-19.747031461507632,-23.217254956454166,-14.847672311757085,,,,,3,,
371301,PRAGUE COMMUNITY HOSPITAL,OK,,,,-63.242402125501926,-21.51589590774244,-25.962291726858133,-18.12863322620401,4,,45.11376889929792
371302,MERCY HOSPITAL WATONGA,OK,-6.628458407621982,-16.432752305318253,-1.3129210535357956,-3.6328169961168695,-13.463414964197327,1.745677134400572,9.155824569277407,7,15.784282976899387,12.788641565394276
371303,ROGER MILLS MEMORIAL HOSPITAL,OK,-103.3624771156202,-35.888866490183055,-48.25184627564993,-48.79639479861714,-45.697604791774936,-26.402228838207687,-26.565631586702626,7,76.79684552891757,22.230763211914518
371304,MERCY HOSPITAL TISHOMINGO,OK,52.144932094911766,-6.926980680884023,-15.000751423944331,1.4380319121681395,1.7387197740854177,3.395387756583918,2.844626793732537,7,-49.30030530117923,1.4065948815643974
371305,NOWATA HEALTH CENTER,OK,-2.896494815699853,1.328722578921601,-6.772214045517742,-58.56053376514054,-18.823669160256422,-23.346059763992734,-5.075928299841735,7,-2.1794334841418816,53.484605465298806
371306,MERCY HEALTH/LOVE COUNTY,OK,-18.086812992195025,-4.284719908075312,-4.075695638832578,-33.80893074237822,-40.560630713975435,-53.08896408898944,-58.82156944605035,7,-40.734756453855326,-25.012638703672124
371307,CIMARRON MEMORIAL HOSPITAL,OK,-7.747797494195393,50.52808149527019,-47.32946604906889,1.4189588736742524,9.531393033242729,-16.676345999032623,-47.21180180240404,7,-39.464004308208644,-48.63076067607829
371309,PAWHUSKA HOSPITAL  INC.,OK,-17.060770666795044,-30.78583125815647,-10.467580670677497,-14.824277047642392,-19.177619802804983,-17.918368662409247,-15.768736176064596,7,1.2920344907304475,-0.9444591284222046
371310,MERCY HOSPITAL HEALDTON  INC.,OK,0.5047103042567298,4.241638539880448,-4.9980962840867305,6.886339048129796,5.685312488462624,5.084412977018337,6.347020409877373,7,5.842310105620642,-0.5393186382524231
371311,JEFFERSON COUNTY HOSPITAL,OK,-122.3304743534523,-0.13377023794050674,4.947098026309237,5.306232698002235,9.906418965157071,14.439420772185219,8.494823193091843,7,130.82529754654414,3.188590495089608
371312,ST JOHN SAPULPA,OK,-3.208999843872642,0.049455911743948366,-18.76070772239977,-14.354973334760196,-15.147418227063378,-5.84644245176271,7.136824799726512,7,10.345824643599155,21.491798134486707
371313,KINGFISHER REGIONAL HOSPITAL,OK,59.86267543405306,,,,,,,1,,
371313,MERCY HOSPITAL KINGFISHER,OK,,5.007661020108807,-0.8972085580723025,6.14395528425479,-8.238672364954766,-1.5247514758382172,4.211248756367199,6,,-1.932706527887591
371314,PHYSICIANS HOSPITAL AT ANADARKO,OK,-47.03910116042159,-44.62612954338452,-34.4067743272458,-48.3014229924522,-43.76209847603227,-48.140523602611246,-21.80739287916059,7,25.231708281260996,26.49403011329161
371316,STROUD REGIONAL MEDICAL CENTER,OK,-56.305271440489335,-55.44214004034643,-43.58933201661419,-49.49249662844229,-50.653881558448745,-50.89863821677274,-33.078550656156665,7,23.22672078433267,16.413945972285624
371317,MERCY HOSPITAL LOGAN COUNTY,OK,62.44228164963378,-1.444873607538463,2.0248842465155925,63.95802488545693,1.6418954388763747,3.363054866951846,8.06455551197363,7,-54.37772613766015,-55.8934693734833
371318,CAH #12 - FAIRFAX,OK,-17.790944072531758,-31.1044992394852,1330.297795230402,-71.04644998706057,,,,4,,
371318,FAIRFAX COMMUNITY HOSPITAL,OK,,,,-225.83006747743545,-85.21540927723053,-106.81716372244333,-83.07670099324997,4,,142.75336648418548
371319,COAL COUNTY,OK,-14.546674114126311,-26.497884142282814,-12.522039893084566,,,,,3,,
371319,COAL COUNTY GENERAL HOSPITAL,OK,,,,-8.56985274915193,-39.93305091510266,-83.24427393735844,-51.69596671360457,4,,-43.12611396445264
371320,CLEVELAND AREA HOSPITAL,OK,-30.500117313180407,-1.426829595494753,-4.403518670809631,-22.129284763174912,-10.797136928493158,3.8511563338394548,-14.320477625562969,7,16.17963968761744,7.808807137611943
371321,HOLDENVILLE GENERAL HOSPITAL,OK,-14.157529626944434,-12.525266939677914,-25.445543814511318,-37.32303745522016,-19.773676198902105,-23.183755253051427,-15.090444649149914,7,-0.9329150222054796,22.232592806070244
371322,BEAVER COUNTY MEMORIAL HOSPITAL,OK,-30.889602625192015,-55.817594021571615,-57.981531894662005,-64.96724473658627,-24.83071224999008,-95.28336576521255,-68.65097170584981,7,-37.7613690806578,-3.683726969263546
371323,WEATHERFORD REGIONAL HOSPITAL,OK,-20.34700171612877,9.045425934092641,-4.465603416647759,-11.338512684818156,-5.086748828195388,-9.05388088559325,-6.688064096671956,7,13.658937619456815,4.6504485881462
371324,HARPER COUNTY COMMUNITY HOSPITAL,OK,-18.5710455709564,-13.681788739199567,-13.240534781956345,-15.822443197611364,-56.22383447134095,-28.052395068650675,-41.772967633629115,7,-23.201922062672715,-25.95052443601775
371325,CORDELL MEMORIAL HOSPITAL,OK,6.230915798385217,-25.659758231820067,-52.01482637905155,-28.16903290417276,-20.283423678519828,-19.64448515232339,-14.418717845211813,7,-20.649633643597028,13.750315058960947
371326,ALLIANCE HEALTH MADILL,OK,-10.032419167291904,,,,,,,1,,
371326,ALLIANCEHEALTH MADILL,OK,,-24.313579146874982,-35.98173095542755,-22.01711577448068,5.067200784092608,-2.0208669407604445,5.091681081082643,6,,27.108796855563323
371327,OKEENE MUNICIPAL HOSPITAL,OK,-17.71899594545613,-16.24888063459209,-18.364719549672735,-17.588541584236765,-13.353828282971447,-20.038969478950488,-13.32854977440292,7,4.39044617105321,4.259991809833846
371328,ARBUCKLE MEMORIAL HOSPITAL,OK,-16.12692394800571,0.8709804016829035,-10.860507722869848,-13.244127686111923,-9.49618313746717,-7.019216095253224,-7.523802066604754,7,8.603121881400957,5.72032561950717
371329,FAIRVIEW HOSPITAL,OK,-9.902723179697013,-5.253926228917806,-18.49306189069179,-18.136393970905324,-17.60789442917464,-16.336636642574604,-6.1279989721753365,7,3.7747242075216763,12.008394998729987
371330,MANGUM REGIONAL MEDICAL CENTER,OK,-104.48067700250421,-20.02643478787787,-57.632014020429686,-31.272012949681542,-7.335577019439869,-16.43748504669354,-14.460264189746544,7,90.02041281275767,16.811748759935
371330,QUARTZ MOUNTAIN MEDICAL CENTER,OK,-32.26888309678112,,,,,,,1,,
371331,CAH ACQUISITION CO #4 - DRUMRIGHT,OK,-54.90110857268976,,,,,,,1,,
371331,CAH ACQUISITION CO #4 - DRUMRIGHT-MS,OK,,-8.458764090091087,,,,,,1,,
371331,CAH ACQUISITION CO #4 DRUMRIGHT - MS,OK,,,24.3436918672583,-62.029193130688675,,,,2,,
371331,DRUMRIGHT REGIONAL HOSPITAL,OK,,,,,-27.31945293896284,,-11.101335675829889,2,,
371332,SEILING MUNICIPAL HOSPITAL,OK,-9.05168307854182,-8.18721988072124,-29.710460601905403,-28.931518952705748,-10.722589755318783,-5.545544109590286,-3.6753528497535464,7,5.376330228788275,25.2561661029522
371333,CREEK NATION COMMUNITY HOSPITAL,OK,-196.37678170679928,-141.30695270779427,-110.23886051763574,-112.17762549455348,-25.028578718156787,-1.914830451236706,-368.54259973397615,7,-172.16581802717687,-256.3649742394227
371334,CARNEGIE TRI-COUNTY MUNICIPAL HOSPIT,OK,-64.37618316922708,5.759485429083621,-20.67464299860023,-19.931207442030026,-13.51236730098179,-16.574040625552872,-6.103134677377296,7,58.27304849184978,13.82807276465273
371335,CAH # 16 - HASKELL,OK,-38.183088722022255,-24.652115949235075,-51.374150711240816,-775.558891017644,,,,4,,
371335,HASKELL REGIONAL HOSPITAL,OK,,,,-76.359221216187,-27.866847856326487,-86.90577574680528,0.7656896274697437,4,,77.12491084365674
371336,NEWMAN MEMORIAL HOSPITAL,OK,18.96255238835982,-79.23617179979108,-43.697867511040364,-30.734042909180477,-34.540630820746024,-24.438998375356874,-16.00740835736289,7,-34.969960745722716,14.726634551817586
371337,EASTERN OKLAHOMA MEDICAL CENTER,OK,-20.232460260612616,-15.616991883001191,-61.59611975539758,-56.44327127118618,-21.547025356110073,-18.179813646075765,-30.54093333359033,7,-10.308473072977716,25.902337937595846
371338,HARMON MEMORIAL HOSPITAL,OK,-29.89284003206854,6.002804706973936,-26.492425022530558,-28.548097087815478,-43.260857240988734,-8.586570406781824,-16.500645174997285,7,13.392194857071257,12.047451912818193
371340,MEMORIAL HOSPITAL OF TEXAS COUNTY,OK,-26.25712376661758,-27.306661791082814,-11.27259082438887,-50.88091336449839,-29.117933960968763,-49.378095784181816,1.1517307615103591,7,27.408854528127936,52.03264412600875
371341,SHARE MEDICAL CENTER,OK,,-28.299578629133155,-45.51266605858593,-52.6755218169569,-38.121905316705806,-45.50475772241442,-26.30468133246111,6,,26.37084048449579
371342,MCCURTAIN MEMORIAL HOSPITAL,OK,,-19.088328140141293,-42.52327729293563,-33.58953737800995,-51.07282224594564,-15.598289443517277,-11.189156908797493,6,,22.400380469212458
451300,PARMER COUNTY COMMUNITY HOSPITAL,TX,-22.67443542144998,-20.285747362952055,-28.50981537971563,-25.935525217347312,-21.70335674725483,-24.600290124764957,-37.655390575410344,7,-14.980955153960362,-11.719865358063032
451301,REAGAN MEMORIAL HOSPITAL,TX,-69.77694106880958,-210.17933683274546,-131.70123854781238,-206.07992731791697,-172.73293641529256,-118.2874381945637,-124.73513204850775,7,-54.95819097969817,81.34479526940922
451303,LIMESTONE MEDICAL CENTER,TX,-32.24159960668012,-32.34769480870484,-35.71166538467077,-51.31615964407047,-28.013681114306326,-43.47193543029941,-30.009531192614347,7,2.232068414065772,21.30662845145612
451304,SCHLEICHER COUNTY MEDICAL CENTER,TX,-31.14492890334382,-32.858906489410955,-22.26003383333252,-67.34471458801914,-37.41615436469755,-15.149540984290896,-34.982015891497944,7,-3.837086988154123,32.3626986965212
451305,BURLESON ST. JOSEPH HEALTH CENTER,TX,14.594599034091683,13.707304028135958,0.42838176003311107,12.097952599559246,15.090885189142112,-3.9705610184186932,9.115993014124001,7,-5.478606019967682,-2.981959585435245
451306,KIMBLE HOSPITAL,TX,-31.079840829797817,-16.637037401036537,-17.171862286197296,-16.955559370898722,-17.71452828090113,-7.832759593079272,-1.5836785271603635,7,29.496162302637455,15.371880843738358
451307,IRAAN GENERAL HOSPITAL DISTRICT,TX,-232.13383816926734,-159.84610426131,-11.17232108447328,-97.9122765034291,-172.23635076025826,-60.54927206640439,-96.56250112437979,7,135.57133704488754,1.349775379049305
451308,YOAKUM COUNTY HOSPITAL,TX,-247.39660159667326,-477.0026353898236,-381.72024701748455,-243.24544370734142,,-162.2443489378513,-148.55352048390898,6,98.84308111276428,94.69192322343244
451309,MCCAMEY COUNTY HOSPITAL DISTRICT,TX,-95.08988021431978,-56.56805344083874,-132.258391989201,-66.3353430673612,-101.62435231057776,-96.96344489264568,-115.79362618992765,7,-20.703745975607873,-49.458283122566456
451310,BALLINGER MEMORIAL HOSPITAL,TX,-17.163270585622854,4.592761630373242,-6.184601431207602,-3.055972126531462,-3.6866130831410757,6.537976372166966,-20.509239601931395,7,-3.3459690163085405,-17.453267475399933
451311,SWEENY COMMUNITY HOSPITAL,TX,-52.13861193481595,-30.586243885026803,-22.3468440165948,-45.23685660502291,-42.12781175542611,-2.370801649826184,3.488352523721098,7,55.626964458537046,48.725209128744005
451312,RICE MEDICAL CENTER,TX,-68.3412570017331,-61.94410287646327,-52.38442868957907,-45.130169660637335,-46.23494400371374,-35.38710137288621,20.407758543789733,7,88.74901554552284,65.53792820442706
451313,FISHER COUNTY HOSPITAL DISTRICT,TX,-49.38949608435306,-49.826562074907045,-38.67614272848642,-21.0961329087676,-49.440637640750964,-41.3893397386555,-39.37880594050183,7,10.010690143851235,-18.282673031734227
451314,MEMORIAL HOSPITAL,TX,-26.564087320450508,-76.01612722638976,-93.60243618869713,-183.38466808245383,-114.24465607465831,-40.89007107259871,-52.89138344205252,7,-26.327296121602014,130.4932846404013
451315,NORTH RUNNELS HOSPITAL DISTRICT,TX,23.065997437248946,24.433540564558363,-68.68047834826308,-125.1617808734846,-21.52081117337059,-37.214353452627044,-54.04959881445905,7,-77.115596251708,71.11218205902554
451316,MADISON ST. JOSEPH HEALTH CENTER,TX,18.79378432585428,10.937140421770525,-0.6469049961952397,6.055615076922271,12.756948124604566,6.551859952032227,10.378841758001707,7,-8.414942567852572,4.323226681079436
451317,REFUGIO MEMORIAL HOSPITAL,TX,-64.64058174457101,-60.16981541399411,-49.972503342545,-52.93718172632927,-27.24467978786024,-43.739729898925624,-33.38179272095132,7,31.25878902361969,19.555389005377954
451318,STONEWALL MEMORIAL HOSPITAL,TX,-32.36694705312087,-19.793601107799393,-48.34618350443733,-33.80006454911717,-59.77297448925674,-20.498763554748116,-19.766858382722003,7,12.600088670398865,14.033206166395164
451319,CHRISTUS MFH - JACKSONVILLE,TX,15.612348979762626,17.290338746234486,17.689320757094624,23.093603449233054,21.383449156009444,8.869258938831667,11.484833527158674,7,-4.1275154526039515,-11.60876992207438
451320,BAYSIDE COMMUNITY HOSPITAL,TX,-34.12672570462083,-62.86625483977697,-89.52203664407263,-38.22999780642524,,,,4,,
451320,CHAMBERS COUNTY HOSPITAL,TX,,,,,,,-79.8726380310111,1,,
451320,OMNIPOINT HEALTH HOSPITAL,TX,,,,,-30.855154153536272,-80.81226666469365,,2,,
451322,GRIMES ST. JOSEPH HEALTH CENTER,TX,16.266652826911404,8.30254750739567,14.438466579638206,29.39023347606461,29.272604837258665,25.99555209893505,26.1975692348061,7,9.930916407894696,-3.192664241258509
451323,ADVENTHEALTH ROLLINS BROOK,TX,,-4.352591509462147,10.193084765607562,-0.2676094261628723,10.989480598823354,14.91358622279485,4.315845141141084,6,,4.583454567303956
451323,ROLLINS BROOK COMMUNITY HOSPITAL CAH,TX,-4.232442565026197,,,,,,,1,,
451324,LILLIAN M. HUDSPETH MEMORIAL HOSP.,TX,-46.48975806609608,-33.418538227529396,-2.902583006613345,-56.97771000486161,-34.59336543695676,-42.33837724134421,-33.38753875156049,7,13.102219314535589,23.590171253301122
451325,CONCHO COUNTY HOSPITAL,TX,-47.95351384105647,-17.209188977574378,-40.94911245225643,-72.24321240944056,-25.14838868544771,-73.3519495716247,-58.568525153760135,7,-10.615011312703665,13.674687255680425
451326,CHILLICOTHE HOSPITAL DISTRICT,TX,-141.90800424615114,-220.85251566658707,,,,,,2,,
451328,RICELAND MEDICAL CENTER,TX,-1.469828779752713,-4.235231764775045,-13.980773420939968,-12.615577620606963,-11.885456606701846,-8.87208015024857,-8.53008197764011,7,-7.0602531978873975,4.085495642966853
451329,RANKIN COUNTY HOSPITAL DISTRICT,TX,-129.61044589317302,-145.91925682004637,-145.87015211891094,-205.2183881890678,-74.94550384701148,-129.02629110837128,-82.65464412943854,7,46.955801763734485,122.56374405962927
451330,MEDINA REGIONAL HOSPITAL,TX,-21.496205644786954,-26.97023019647615,-26.611699787378875,-23.4086538169612,-25.84771127748554,-10.509128264460387,-15.238354463535837,7,6.257851181251118,8.170299353425362
451331,COON MEMORIAL HOSPITAL,TX,-56.178284936904824,-52.51893768310697,-34.63998519267243,-34.10523433568184,-53.17513671233809,-100.90124221699506,-108.93854066972479,7,-52.760255732819964,-74.83330633404294
451332,PALACIOS COMMUNITY MEDICAL CENTER,TX,-24.51442483661733,-47.107376921882285,-33.0601003470568,-20.891444336125314,-13.054494808044574,27.590090286176117,3.8039420724823922,7,28.318366909099723,24.695386408607707
451333,MARTIN COUNTY HOSPITAL,TX,-88.47202130911256,-74.84559644764607,-113.52268147182146,-70.48771707921514,-48.59003496003843,-66.96906022011558,-65.74429217496579,7,22.72772913414677,4.743424904249352
451334,PARKVIEW HOSPITAL,TX,-76.88465401519711,-81.62349081433624,-76.10568117644402,-84.33732474326693,-86.73855103596965,-110.01216331214746,-71.53152752916553,7,5.353126486031584,12.805797214101403
451335,MUENSTER MEMORIAL HOSPITAL,TX,-19.07405225882078,-21.315548902739703,-29.47714719417536,-56.6191215240237,-34.986313974116115,-47.958999773994265,-45.04921669208374,7,-25.975164433262957,11.569904831939958
451337,W.J. MANGOLD MEMORIAL HOSPITAL,TX,-24.335094490171365,-21.541348699123976,-27.107185866707084,-46.136067315298526,-43.20047860216409,-36.97028804587918,-29.790398834916182,7,-5.4553043447448175,16.345668480382344
451338,CULBERSON HOSPITAL,TX,-15.5989781589944,-22.159946359552944,-16.83449758032095,-31.713557757359435,-23.904751372356813,-40.28058861659387,-22.29250888626848,7,-6.693530727274078,9.421048871090957
451339,THROCKMORTON COUNTY HOSPITAL,TX,-99.16444218204109,-102.19128818314883,-90.41878538647656,-100.59916796867046,-99.00461580172416,-93.4931701114301,-95.52970827087486,7,3.6347339111662222,5.069459697795594
451340,SHAMROCK GENERAL HOSPITAL,TX,-142.81773910161903,-139.18618530450533,-141.91743432275675,-166.56338451192082,-86.6325749567414,-57.16869002596883,-83.25615414759267,7,59.56158495402636,83.30723036432815
451341,HASKELL MEMORIAL HOSPITAL,TX,-16.504760095085565,-36.254412025462095,-57.368023785044784,-56.682672213736055,-84.90302709926327,-71.91947335464549,-64.08654662230532,7,-47.581786527219755,-7.403874408569266
451342,MITCHELL COUNTY HOSPITAL,TX,-30.0719538850415,-20.014868788480218,-36.848459855564755,-68.62922631845427,-80.86641114369573,-34.896150785479016,-27.937087142273786,7,2.134866742767713,40.69213917618049
451343,ELECTRA MEMORIAL HOSPITAL,TX,-13.082055101489715,-22.186270865700262,-6.1218462528314825,-8.07406261489333,-11.587220246335168,-7.977826287200918,-23.602194653994253,7,-10.520139552504538,-15.528132039100923
451344,HANSFORD COUNTY HOSPITAL DISTRICT,TX,-32.68200785199228,-36.06795847217569,-36.79963264434461,-49.696734993903334,-43.985153662713785,-57.04852048579705,-45.816577239220926,7,-13.134569387228645,3.8801577546824078
451345,CROSBYTON CLINIC HOSPITAL,TX,-42.98422278409287,-36.43897036498581,-56.94243749549245,-360.6969746790561,-339.67985444114703,-265.6559737371064,,6,,
451346,YOAKUM COMMUNITY HOSPITAL,TX,-21.989184633357638,-24.013653690628704,-17.50440938436393,1.219529387301246,3.403872981829797,-12.01770172353877,-5.164418299697689,7,16.824766333659948,-6.383947686998935
451347,COLEMAN COUNTY MEDICAL CENTER,TX,-24.9045347479938,-24.242940430425907,-24.056050972060543,-27.51525358818358,-24.53139801279047,-16.70553644388361,-21.49367340278308,7,3.4108613452107193,6.021580185400499
451348,HEART OF TEXAS HEALTHCARE SYSTEM,TX,-31.082594026004262,-28.075142290383216,-33.465236179933875,-44.80358415560996,-31.96195618492504,-31.96195618492504,-24.943001128649293,7,6.139592897354969,19.86058302696067
451349,SWISHER MEMORIAL HEALTHCARE SYSTEM,TX,-48.08820937430593,-50.34799769070417,-37.33886020194655,-39.46654275842574,-38.146834223794116,-62.62591825176275,-42.19409226418744,7,5.8941171101184935,-2.7275495057617007
451350,PLAINS MEMORIAL HOSPITAL,TX,-65.37087746172855,-47.28700223765496,-26.214156133765414,-31.479302507117275,-43.366713065299464,-41.03621164518971,-26.795314371055756,7,38.5755630906728,4.683988136061519
451351,LYNN COUNTY HOSPITAL,TX,-9.6017831466901,-7.357517909096131,-42.704222483370614,-50.20618517824593,-23.71360141561269,-44.105428054145165,-23.28817176744153,7,-13.68638862075143,26.918013410804402
451352,HARDEMAN COUNTY HOSPITAL,TX,-23.346258560851922,-34.36486651833773,-22.33379827889046,-52.854013530939646,-38.54762057820278,-37.92893903746963,-36.54541481660332,7,-13.199156255751397,16.308598714336327
451353,CRANE COUNTY HOSPITAL DISTRICT,TX,-17.654041073310108,-19.607339900861472,-24.661973718094302,-59.393801538048294,-47.07721573009332,-37.63303576100692,-58.40036150443323,7,-40.746320431123124,0.9934400336150659
451354,OLNEY HAMILTON HOSPITAL DISTRICT,TX,-27.95332539189983,-37.19713174744382,-56.5103142496589,-78.58606241779144,-52.87740534881718,-36.37939950895829,-40.556385249321295,7,-12.603059857421464,38.029677168470144
451355,COLLINGSWORTH GENERAL HOSPITAL,TX,-19.548398077418216,-20.899242691852752,-26.427330982523966,-30.779073478470053,-34.896327307021316,-32.563761204072485,-32.657317066129814,7,-13.108918988711597,-1.8782435876597603
451356,MEMORIAL MEDICAL CENTER,TX,-30.97004979383502,-26.735794310214168,-33.5182121131494,-36.60448033740117,-39.6095012425961,-16.91948761236342,-35.306164549494916,7,-4.336114755659896,1.2983157879062546
451357,ROCKDALE HOSPITAL,TX,242.75317464576176,-262.61785726326445,,,,,,2,,
451358,MEMORIAL HOSPITAL-SEMINOLE,TX,-72.20548874978789,-45.40010758234195,-64.11139326997142,-84.86411048665758,-89.62439061604073,-78.30738882320244,-55.620587859251046,7,16.584900890536844,29.243522627406534
451359,OCHILTREE GENERAL HOSPITAL,TX,-24.117336158410662,-27.012409109937334,-62.02123520433012,-43.466559124242856,-28.916989272289022,-37.7269456708834,-39.74441849929542,7,-15.627082340884758,3.7221406249474356
451360,ST LUKES HEALTH MEMORIAL SAN AUGUST,TX,2.88786238597659,-1.1776428658155698,-34.44435313543376,-28.358293107172276,-43.58215299317716,-49.347010952941986,,6,,
451361,PREFERRED HOSPITAL LEASING HEMPHILL,TX,-33.47068277291647,-26.68202555293998,-23.02758375149249,-20.920724661609718,-27.1958603089373,-24.36175106616103,-24.649622304877404,7,8.821060468039065,-3.728897643267686
451362,CLAY COUNTY MEMORIAL HOSPITAL,TX,-68.79339300687437,-34.0172132570186,-17.908430748317,-21.329133898521953,7.5833834793688855,6.906855299191733,-16.64090294879949,7,52.152490058074875,4.688230949722463
451363,JACKSON COUNTY HOSPITAL,TX,-73.22216357741804,-66.79338413814139,-58.47853133205295,-61.23293728894772,-63.18418881149521,-48.95517662145012,-42.51760277011843,7,30.704560807299615,18.715334518829287
451364,OTTO KAISER MEMORIAL HOSPITAL,TX,-28.938839226227607,-31.923811010008237,-30.625152867339285,-37.36789664211892,-10.654006873392833,-45.686656850548424,-37.14662261181779,7,-8.207783385590183,0.22127403030113157
451365,ASCENSION SETON HIGHLAND LAKES,TX,,5.379511483153672,-4.320617988046866,2.5710958021802846,10.804418475578634,10.932644084343185,15.327213932761028,6,,12.756118130580743
451365,SETON HIGHLAND LAKES HOSPITAL,TX,1.6286143958637336,,,,,,,1,,
451366,COCHRAN MEMORIAL HOSPITAL,TX,-372.2904591934046,-266.65746025379104,-128.44563809383104,-251.00602880806946,-202.28507926364716,-194.8629977356417,-194.8629977356417,7,177.42746145776292,56.14303107242776
451367,ETMC PITTSBURG,TX,-37.32340184776158,-21.09925789644181,,,,,,2,,
451367,UT HEALTH EAST TEXAS PITTSBURG,TX,,1.8211602243737277,-0.20996132132816725,4.0511154024160145,-1.2343532442368723,2.523547843620176,-0.6467679052588509,6,,-4.697883307674865
451369,GOLDEN PLAINS COMMUNITY HOSPITAL,TX,-71.6719799757934,-64.79275922756696,-46.6741820063051,-47.69034939641227,-42.31282071511182,-60.40509807367308,-15.130762171908508,7,56.5412178038849,32.559587224503765
451370,TMC BONHAM HOSPITAL,TX,-2.4990517032448647,-2.1496147816007594,-2.997575140137548,-25.32060961033475,-4.67210680081246,-4.098203877242211,-5.335308975443901,7,-2.8362572721990364,19.985300634890848
451371,ASCENSION SETON EDGAR B DAVIS,TX,,-0.7085843230853743,-8.192387576683387,-1.5905767196271143,9.39765788975126,5.1495222523965944,12.282907872654574,6,,13.873484592281688
451371,SETON EDGAR B. DAVIS HOSPITAL,TX,4.841535359432499,,,,,,,1,,
451372,MULESHOE AREA MEDICAL CENTER,TX,-36.83579984039989,-29.82407068110573,-21.892722453903808,-34.75348531178681,-39.66341140290717,-50.51702554837024,-58.702089473603245,7,-21.86628963320335,-23.948604161816434
451373,WARD MEMORIAL HOSPITAL,TX,4.797872406055933,-40.37806030830895,-27.74693775349316,-58.740947507423435,-36.920066293651324,-30.883941827621786,-30.762623364429544,7,-35.560495770485474,27.97832414299389
451374,SCOTT AND WHITE HOSPITAL TAYLOR,TX,-43.641605566741305,-51.31031834147589,-46.1274239864306,-58.05253828899608,-47.242394111518784,-47.49434385282365,-43.156972243239025,7,0.4846333235022797,14.895566045757057
451375,LIBERTY-DAYTON REGIONAL MEDICAL CENT,TX,-64.11981739149233,-44.74007723787551,-93.75057050192783,-75.71529187854192,-43.53692953692573,-72.24704309983709,-525.6778064770301,7,-461.55798908553777,-449.9625145984882
451376,LAVACA MEDICAL CENTER,TX,-7.715223938688813,-34.292478629997284,-35.14662699099691,-36.64507435868261,-26.4237774676774,-40.178358539423385,-24.353984581889403,7,-16.63876064320059,12.29108977679321
451377,REEVES COUNTY HOSPITAL,TX,-84.05458977880672,-104.13623331737281,-105.19485465457399,-136.83373818795127,-120.77936001064529,-138.58937691083514,-179.26431800478557,7,-95.20972822597885,-42.430579816834296
451378,BIG BEND REGIONAL MED CTR,TX,2.8307547353666207,-8.990256258043978,-3.3479576820984387,-6.4189255138884045,-0.9433631006786567,-18.938152778133727,4.997753039999457,7,2.1669983046328367,11.416678553887863
451379,CORYELL MEMORIAL HOSPITAL,TX,-2.287988616873274,-2.204716212493525,-6.231921925017487,-1.3236818864133482,-0.1006280701904522,-1.5252584097598292,-5.8632894369232265,7,-3.5753008200499523,-4.539607550509878
451380,ETMC QUITMAN,TX,-24.665091319279462,,,,,,,1,,
451380,UT HEALHT EAST TEXAS QUITMAN HOSPITA,TX,,1.8884045094708373,,,,,,1,,
451380,UT HEALTH EAST TEXAS QUITMAN HOSPITA,TX,,11.019176872898115,8.821544415544668,7.133260685996662,2.3416052486776127,3.87377177094477,-3.0624748788726537,6,,-10.195735564869317
451381,CHRISTUS MFH WINNSBORO,TX,7.956771447828108,-9.130254366363696,-1.9572242976233416,4.784590378143991,15.806634004272604,15.127502702911938,10.65242301812786,7,2.695651570299753,5.867832639983869
451382,COMANCHE COUNTY MEDICAL CENTER,TX,-31.905827331176816,-28.99803544695441,-32.02677299781335,-31.349363428303278,-64.00677071607653,-44.694033469150845,-29.364571003576618,7,2.5412563276001983,1.9847924247266597
451384,D.M. COGDELL MEMORIAL HOSPITAL,TX,-50.69360186130076,-47.339949852513755,-32.700427038914725,-53.44083365064528,-70.78648616620123,-68.86793030517228,-65.87531502033241,7,-15.181713159031645,-12.434481369687127
451385,GOODALL-WITCHER HOSPITAL AUTHORITY,TX,-14.129557875751326,-12.754752981319802,-29.497017835914008,-28.35683817516042,-17.299534595015256,-19.34109901299113,-32.112379397553084,7,-17.98282152180176,-3.755541222392665
451386,MOORE COUNTY HOSP. DBA DUMAS MEM HOS,TX,-27.13758523250717,-27.80299844051911,-38.40217671622526,-19.307912923132427,-23.405355851838873,-32.770081176912335,-33.879479120509295,7,-6.741893888002124,-14.571566197376868
451387,UVALDE MEMORIAL HOSPITAL,TX,23.691664547373456,27.410553213065874,25.458999434406127,29.74868307873085,32.06279095160616,30.113222501061948,33.87791735229483,7,10.186252804921374,4.129234273563981
451389,PECOS COUNTY MEMORIAL HOSPITAL,TX,-61.445650929011904,-78.03973461367568,-66.17863165817629,-56.695926078444124,-88.82217125073257,-80.4796616819633,-64.29716772747354,7,-2.851516798461631,-7.6012416490294115
451390,DIMMIT REGIONAL HOSPITAL,TX,,,-71.66166780772875,,,,,1,,
451390,DIMMIT REGIONAL HOSPITAL DISTRICT,TX,,-84.50285822805651,,-115.6678062980272,-129.3326791255093,-70.87357570831607,-69.23254277878111,5,,46.43526351924609
451391,FRIO REGIONAL HOSPITAL,TX,-60.3389482240497,-36.24623496564711,-31.98393547506303,-36.83407783913484,-29.631136844479116,-24.423773581770707,-3.1804672736030817,7,57.15848095044662,33.653610565531764
451392,HAMILTON GENERAL HOSPITAL,TX,,-32.32030302318717,,-54.594281418170745,-30.804949369231405,-29.750338318177118,-26.66822057727176,5,,27.926060840898984
451393,CROCKETT MEDICAL CENTER,TX,,,-44.075701910001065,-52.61118220426958,-26.17735347115568,-12.862109904916888,-44.061649266502535,5,,8.549532937767047
451394,KNOX COUNTY HOSPITAL,TX,,,320.6278232133897,-33.16764839136015,-20.755287259990453,-34.59303555388519,-22.73308449965675,5,,10.434563891703402
451395,HILL REGIONAL HOSPITAL,TX,,,-47.76075717454815,-1.7763223804390667,-3.731054357215212,7.936127731095956,0.92533834269595,5,,2.7016607231350167
451396,MID COAST MEDICAL CENTER-CENTRAL,TX,,,,,-29.739936335128803,-36.300292298688824,-23.296682219743005,3,,
451397,BAYLOR SCOTT & WHITE WMC - BRENHAM,TX,,,,,,11.542433066788618,6.932110673780128,2,,
451398,PAMPA REGIONAL MEDICAL CENTER,TX,,,,,,,-52.722726322458456,1,,
451399,BAYLOR COUNTY HOSPITAL DISTRICT,TX,,,,,,,-36.111496837831226,1,,
671300,GRAHAM REGIONAL MEDICAL CENTER,TX,,,,,,,-44.304972199145666,1,,
671301,HEMPHILL COUNTY HOSPITAL,TX,,,,,,,-43.60014950218851,1,,
